{
	"plot_scores": [
		12.89999999999997, 6.999999999999991, 20.100000000000016, 6.999999999999991,
		15.299999999999962, 6.999999999999991, 8.399999999999986, 0, 0.6,
		6.999999999999991, 11.299999999999976, 6.999999999999991, 0.1,
		7.099999999999991, 0, 20.50000000000002, 6.999999999999991, 0.1,
		12.89999999999997, 12.499999999999972, 0, 15.499999999999961,
		8.299999999999986, 16.29999999999996, 1.8000000000000005, 7.099999999999991,
		4.100000000000001, 6.999999999999991, 8.799999999999985, 2.3000000000000007,
		6.999999999999991, 11.399999999999975, 6.999999999999991, 0.2,
		8.299999999999986, 0.9999999999999999, 8.099999999999987, 0,
		13.799999999999967, 0.30000000000000004, 0.30000000000000004,
		6.999999999999991, 0, 6.999999999999991, 6.999999999999991,
		6.999999999999991, 6.999999999999991, 7.099999999999991, 0,
		13.09999999999997, 0.9999999999999999, 0.1, 0.30000000000000004,
		9.89999999999998, 6.999999999999991, 0.5, 0.1, 0, 6.999999999999991,
		9.199999999999983, 6.999999999999991, 0, 0, 7.19999999999999,
		15.199999999999962, 0, 6.999999999999991, 7.099999999999991,
		7.19999999999999, 6.999999999999991, 0.4, 6.999999999999991,
		3.800000000000002, 6.399999999999993, 9.799999999999981, 7.39999999999999,
		6.199999999999994, 9.599999999999982, 8.799999999999985, 7.099999999999991,
		6.999999999999991, 1.2, 8.899999999999984, 6.999999999999991, 0,
		3.600000000000002, 6.999999999999991, 6.999999999999991, 6.5999999999999925,
		6.999999999999991, 6.999999999999991, 10.599999999999978, 5.299999999999997,
		3.5000000000000018, 12.99999999999997, 7.699999999999989, 5.599999999999996,
		23.400000000000063, 2.500000000000001, 20.900000000000027,
		16.79999999999997, 6.8999999999999915, 7.999999999999988, 6.199999999999994,
		34.100000000000215, 6.999999999999991, 6.999999999999991, 6.999999999999991,
		18.39999999999999
	],
	"plot_mean_scores": [
		12.89999999999997, 9.949999999999982, 13.333333333333327,
		11.749999999999993, 12.459999999999987, 11.549999999999988,
		11.099999999999989, 9.71249999999999, 8.69999999999999, 8.52999999999999,
		8.78181818181817, 8.633333333333322, 7.976923076923066, 7.914285714285704,
		7.386666666666657, 8.206249999999992, 8.135294117647051, 7.688888888888881,
		7.963157894736834, 8.18999999999999, 7.799999999999991, 8.14999999999999,
		8.156521739130424, 8.495833333333321, 8.227999999999989, 8.184615384615373,
		8.033333333333323, 7.996428571428561, 8.024137931034472, 7.833333333333324,
		7.806451612903216, 7.91874999999999, 7.890909090909082, 7.664705882352932,
		7.682857142857134, 7.497222222222214, 7.513513513513504, 7.315789473684202,
		7.482051282051272, 7.30249999999999, 7.131707317073162, 7.12857142857142,
		6.96279069767441, 6.963636363636355, 6.964444444444436, 6.96521739130434,
		6.965957446808503, 6.968749999999992, 6.826530612244889, 6.951999999999991,
		6.8352941176470505, 6.7057692307692225, 6.584905660377351,
		6.646296296296288, 6.652727272727265, 6.542857142857136, 6.4298245614035014,
		6.318965517241373, 6.3305084745762645, 6.378333333333327, 6.388524590163928,
		6.285483870967735, 6.185714285714279, 6.201562499999993, 6.339999999999994,
		6.243939393939387, 6.255223880597009, 6.267647058823522, 6.281159420289848,
		6.291428571428565, 6.208450704225345, 6.219444444444438, 6.186301369863007,
		6.189189189189182, 6.237333333333326, 6.252631578947361, 6.251948051948045,
		6.294871794871787, 6.326582278481005, 6.336249999999992, 6.344444444444436,
		6.281707317073162, 6.313253012048184, 6.321428571428563, 6.247058823529404,
		6.216279069767435, 6.225287356321831, 6.234090909090901, 6.238202247191004,
		6.24666666666666, 6.254945054945048, 6.302173913043472, 6.291397849462358,
		6.261702127659567, 6.332631578947361, 6.346874999999993, 6.339175257731951,
		6.513265306122443, 6.4727272727272664, 6.616999999999994, 6.717821782178211,
		6.719607843137248, 6.7320388349514495, 6.726923076923071, 6.987619047619043,
		6.9877358490566, 6.987850467289716, 6.98796296296296, 7.092660550458712
	],
	"plot_reward": [
		28040, 7290, 29942, 6990, 37250, 8170, 15060, -15010, -6160, 7550, 19006,
		7470, -13852, 7880, -13480, 28295, 8920, -9580, 22460, 25340, -13840, 17493,
		3500, 27792, -8671, 55940, 57600, 46680, 57950, 44900, 44540, 71410, 46200,
		24650, 58140, 33330, 64110, 28030, 72918, 35220, 30010, 37110, 26850, 40250,
		40790, 35039, 52500, 50970, 26570, 76040, 33080, 35390, 31450, 84070, 45590,
		30240, 33900, 33230, 45800, 50374, 47870, 18780, 24570, 52240, 87350, 28020,
		39950, 49580, 45900, 40520, 28750, 47960, 38060, 47580, 56880, 49910, 41290,
		51170, 62700, 49250, 49790, 46760, 80500, 43750, 23960, 31836, 43750, 25200,
		26836, 29522, 21184, 16849, 52280, 42249, 81050, 61330, 48010, 112060,
		38140, 97910, 98559, 36930, 54120, 49220, 133806, 50750, 43320, 45380, 83247
	],
	"plot_mean_reward": [
		28040.0, 17665.0, 21757.333333333332, 18065.5, 21902.4, 19613.666666666668,
		18963.14285714286, 14716.5, 12396.888888888889, 11912.2, 12557.09090909091,
		12133.166666666666, 10134.307692307691, 9973.285714285714,
		8409.733333333334, 9652.5625, 9609.470588235294, 8543.388888888889,
		9275.842105263158, 10079.05, 8940.047619047618, 9328.818181818182,
		9075.391304347826, 9855.25, 9114.2, 10915.192307692309, 12644.25925925926,
		13859.82142857143, 15380.172413793103, 16364.166666666666,
		17273.064516129034, 18964.84375, 19790.151515151516, 19933.08823529412,
		21024.714285714286, 21366.527777777777, 22521.756756756757,
		22666.71052631579, 23955.20512820513, 24236.825, 24377.634146341465,
		24680.785714285714, 24731.232558139534, 25083.93181818182,
		25432.955555555556, 25641.782608695652, 26213.23404255319, 26729.0,
		26725.755102040817, 27712.04, 27817.29411764706, 27962.923076923078,
		28028.716981132075, 29066.51851851852, 29366.945454545454,
		29382.535714285714, 29461.78947368421, 29526.758620689656,
		29802.57627118644, 30145.433333333334, 30436.0, 30248.0, 30157.873015873014,
		30502.90625, 31377.476923076923, 31326.60606060606, 31455.31343283582,
		31721.852941176472, 31927.333333333332, 32050.085714285713,
		32003.605633802817, 32225.222222222223, 32305.15068493151,
		32511.567567567567, 32836.48, 33061.13157894737, 33168.0,
		33398.794871794875, 33769.696202531646, 33963.2, 34158.59259259259,
		34312.26829268293, 34868.74698795181, 34974.47619047619, 34844.89411764706,
		34809.90697674418, 34912.666666666664, 34802.295454545456,
		34712.786516853936, 34655.11111111111, 34507.07692307692,
		34315.141304347824, 34508.31182795699, 34590.65957446808, 35079.70526315789,
		35353.145833333336, 35483.62886597938, 36265.02040816326, 36283.9595959596,
		36900.22, 37510.70297029703, 37505.009803921566, 37666.320388349515,
		37777.41346153846, 38691.97142857143, 38805.72641509434, 38847.91588785047,
		38908.398148148146, 39315.1743119266
	],
	"n_games": 109,
	"record": 34.100000000000215
}
